displacement,velocity,d_theta,class
545.17,4.36,1.28,0
45,0.2,0.7,0
22,0.2,0.5,0
1.41,0.04,0.04,1
56,0.7,0.4,0
549.06,4.39,1.3,0
327.11,2.62,1.93,0
283.82,2.27,0.87,0
545.73,4.37,0.86,0
77,0.2,0.5,0
233.31,1.87,1.29,0
4.8,0.14,0.01,1
46,0.2,0.6,0
34,1.2,0.7,0
2.86,0.09,0.21,1
2.1,0.06,0.05,1
74,0.2,0.6,0
20,0.9,0.7,0
2.73,0.08,0.03,1
2.2,0.07,0.01,1
525.95,4.21,1.31,0
18,0.8,0.3,0
3.99,0.12,9.78,1
36.8,0.29,0.17,0
27.06,0.22,0,0
2.07,0.06,0.05,1
5.8,0.17,0.31,1
20,0.3,0.2,0
16.56,0.13,0,0
93.37,0.75,0.52,0
94.56,0.76,0.87,0
610.01,4.88,1.48,0
259.12,2.07,0.89,0
16,0.7,0.2,0
92.28,0.74,1.51,0
2.65,0.08,0.02,1
52,0.3,0.5,0
65.7,0.53,0.04,0
6.93,0.21,0.31,1
79,0.8,0.7,0
439.92,3.52,1.55,0
451.55,3.61,1.68,0
2.17,0.07,0,1
473.26,3.79,1.16,0
2.35,0.07,0.06,1
2.77,0.08,0.16,1
46,0.3,0.2,0
5.71,0.17,0.13,1
491.37,3.93,1,0
408.81,3.27,1.42,0
3.36,0.1,0.46,1
11.96,0.36,0.16,1
73,0.1,0.3,0
16.77,0.13,0.01,0
453.85,3.63,2,0
25,0.4,0.6,0
4.04,0.12,0.22,1
49,1.1,0.2,0
4.74,0.14,0.39,1
577.74,4.62,1.54,0
1.21,0.04,0.06,1
2.52,0.08,0.01,1
82.36,0.66,0.02,0
65.92,0.53,0.99,0
3.95,0.12,0.15,1
3.65,0.11,0.02,1
480.66,3.85,0.86,0
328.84,2.63,1.73,0
290.44,2.32,1.23,0
166.51,1.33,0.29,0
2.65,0.08,0.21,1
1.27,0.04,0.02,1
28.14,0.23,0.09,0
578.18,4.63,1.67,0
556.95,4.46,1.66,0
679.09,5.43,1.27,0
49,0.6,0.5,0
1.64,0.05,0.04,1
6.88,0.21,0.16,1
4.09,0.12,0.15,1
470.75,3.77,1.12,0
38,0.2,0.4,0
33,0.6,0.3,0
39,0.2,0.1,0
422.39,3.38,1.53,0
80,0.2,0.3,0
1.73,0.05,0.1,1
45,1,0.3,0
465.22,3.72,1.16,0
5.36,0.16,0.23,1
27,1.1,0.6,0
527.34,4.22,1.69,0
11,0.3,0.5,0
2.4,0.07,0.07,1
2.66,0.08,0.05,1
56,0.9,0.1,0
75.2,0.6,0.05,0
397.67,3.18,0.54,0
1.94,0.06,0.03,1
2.84,0.09,0.01,1
3.94,0.12,0.35,1
2.03,0.06,0.19,1
285.06,2.28,1.35,0
4.49,0.13,0.34,1
2.55,0.08,0.05,1
46.34,0.37,0.12,0
2.68,0.08,0.07,1
62.81,0.5,0.09,0
6.17,0.19,0.09,1
2.63,0.08,0.01,1
47,1,0.1,0
3.24,0.1,0.19,1
4.68,0.14,0.16,1
4.37,0.13,0.03,1
480.66,3.85,1.06,0
75,0.5,0.3,0
2.06,0.06,10.71,1
57,0.2,0.5,0
37,0.6,0.1,0
1.82,0.05,0.02,1
6.08,0.18,0.18,1
5.31,0.16,0.04,1
95.06,0.76,0.19,0
1.24,0.04,0.02,1
35,1.1,0.3,0
31,0.3,0.5,0
352.96,2.82,1.94,0
52,0.8,0.4,0
38,1.1,0.5,0
3.48,0.1,0.13,1
3.58,0.11,0.03,1
30,0.4,0.3,0
422.43,3.38,1.09,0
3.95,0.12,0.06,1
3.13,0.09,0,1
4.25,0.13,0.02,1
5.57,0.17,0.09,1
58,0.3,0.6,0
341.42,2.73,1.49,0
18.8,0.15,0.7,0
2.61,0.08,0.01,1
3.81,0.11,0.48,1
49,0.1,0.6,0
2.95,0.09,0.03,1
68,0.8,0.4,0
211.38,1.69,0.29,0
2.51,0.08,0.18,1
2.1,0.06,0.05,1
62,0.3,0.6,0
35,1.1,0.2,0
74.76,0.6,0.02,0
4.52,0.14,0.18,1
5.59,0.17,0.16,1
1.41,0.04,0.06,1
4,0.12,0.12,1
327.28,1.31,0,0
110.08,0.88,0.25,0
22,0.6,0.5,0
3.8,0.11,0.12,1
55,0.6,0.5,0
403.47,3.23,1.78,0
4.05,0.12,0.28,1
47.79,0.38,0,0
2.58,0.08,0.02,1
2.02,0.06,0.16,1
46,0.9,0.7,0
50.85,0.41,0.1,0
419.03,3.35,1.49,0
4.57,0.14,0.11,1
146.9,1.18,0.86,0
399.12,3.19,1.92,0
45,0.6,0.1,0
3,0.09,0.01,1
360.68,2.89,0.06,0
57.11,0.46,0.06,0
54,0.7,0.6,0
121.59,0.97,0.03,0
1.27,0.04,0.03,1
2.16,0.07,0.05,1
75.99,0.61,0.04,0
1.58,0.05,0.03,1
44.07,0.35,0.41,0
3.75,0.11,0.2,1
51,0.6,0.4,0
7.33,0.22,0.05,1
82.36,0.66,0.24,0
127.63,1.02,0.05,0
424.37,3.39,1.23,0
19,0.8,0.3,0
524.44,4.2,1.46,0
272.34,2.18,0.37,0
359.61,2.88,0.67,0
2.43,0.07,10.56,1
81.81,0.66,0.02,0
37,0.3,0.5,0
356,2.85,1.47,0
92.6,0.74,0.04,0
2.59,0.08,0.04,1
3.36,0.1,0.23,1
56,0.6,0.1,0
25,1,0.6,0
2.29,0.07,0.3,1
50.1,0.4,1.06,0
51,0.7,0.3,0
2.74,0.08,0.07,1
2.25,0.07,0.02,1
1.65,0.05,0.02,1
60,0.6,0.5,0
48.55,0.39,0.02,0
5.33,0.16,0.04,1
40,0.1,0.3,0
396.13,3.17,1.27,0
2.52,0.08,0.04,1
2.56,0.08,0.05,1
4.76,0.14,0.26,1
7.23,0.22,0.18,1
47,0.2,0.4,0
79.8,0.64,0.11,0
41,1.2,0.3,0
32,1,0.1,0
63,0.5,0.6,0
2.96,0.09,0.08,1
4.81,0.14,0.29,1
17,0.5,0.2,0
57.51,0.46,2.27,0
68,0.54,0,0
2.75,0.08,0.11,1
62,0.7,0.6,0
30,0.8,0.2,0
4.09,0.12,0.19,1
22,1.2,0.2,0
624.62,5,1.59,0
52,1,0.6,0
31,0.6,0.6,0
146.13,1.17,0.21,0
58,0.4,0.2,0
56.2,0.45,0.21,0
2.59,0.08,0.01,1
60,1,0.1,0
27.19,0.22,0.08,0
5.83,0.18,0.16,1
4.05,0.12,0.04,1
77.44,0.62,0.12,0
91.76,0.73,0.79,0
351.81,2.81,1.51,0
2.62,0.08,0.09,1
53,0.3,0.3,0
66,0.5,0.3,0
38,0.8,0.5,0
22,1,0.1,0
30,0.9,0.3,0
67.65,0.54,0.37,0
66,0.9,0.4,0
297.59,2.38,1.67,0
61,0.4,0.5,0
3.04,0.09,10.58,1
11.88,0.1,0,0
3.54,0.11,0.25,1
71,1.2,0.3,0
2.23,0.07,0.11,1
47.79,0.38,0,0
41.31,0.33,0,0
553,4.42,1.6,0
198.21,1.59,0.02,0
50,0.4,0.6,0
337.46,2.7,2.05,0
17.53,0.14,0,0
155.02,1.24,0.14,0
50,1.2,0.7,0
2.71,0.08,0.02,1
4.49,0.14,0.12,1
2.68,0.08,0.07,1
30,0.7,0.1,0
2.15,0.07,0.04,1
2.74,0.08,0.11,1
35.14,0.28,0,0
31.02,0.25,0.15,0
446.8,3.57,1.34,0
58,1.1,0.4,0
59,0.47,0.78,0
445.07,3.56,1.76,0
472.3,3.78,1.09,0
41.21,0.33,0,0
477.58,3.82,1.29,0
24,0.2,0.2,0
4.89,0.15,0.28,1
3.06,0.09,0.02,1
25,1.1,0.4,0
2.82,0.09,0.19,1
19,0.9,0.3,0
41,0.3,0.3,0
8.17,0.25,0.34,1
26.95,0.22,0.15,0
11.3,0.09,0.28,0
495.87,3.97,1.15,0
2.72,0.08,0.01,1
488.96,3.91,1.59,0
413.34,3.31,1.3,0
2.94,0.09,0.09,1
348.34,2.79,1.45,0
484.64,3.88,0.93,0
33,0.7,0.3,0
441.93,3.54,1.63,0
70.62,0.56,0.82,0
25,0.6,0.2,0
360.48,2.88,1.53,0
66,0.8,0.4,0
11,1.2,0.6,0
39,1.1,0.4,0
439.2,3.51,1.51,0
2.85,0.09,0,1
2.36,0.07,0.06,1
71,0.5,0.5,0
422.65,3.38,1.91,0
82.35,0.66,0.04,0
50.83,0.41,0.25,0
4.05,0.12,0.23,1
45,0.5,0.4,0
538.95,4.31,1.04,0
33,0.6,0.4,0
5.57,0.17,0.2,1
510.25,4.08,1.36,0
43,0.5,0.3,0
4.14,0.12,0.02,1
598.24,4.79,1.06,0
31,0.8,0.4,0
69,1.1,0.7,0
53,0.3,0.1,0
2.29,0.07,0.06,1
2.96,0.09,0.09,1
11,0.2,0.6,0
78,0.7,0.6,0
1.78,0.05,0.04,1
57,0.5,0.5,0
38.63,0.31,0.17,0
15,0.4,0.2,0
44,0.3,0.6,0
48.31,0.39,0.11,0
7.1,0.21,0.1,1
57,0.9,0.7,0
26,0.6,0.2,0
124.04,0.99,0.66,0
1.65,0.05,0.06,1
78.21,0.63,0.05,0
2.3,0.07,0.13,1
21,0.6,0.2,0
428.47,3.43,2.43,0
47.33,0.38,0.04,0
23,0.2,0.4,0
2.46,0.07,0.01,1
3.55,0.11,0.1,1
2.84,0.09,0.12,1
46,0.1,0.4,0
193.81,1.55,2.01,0
4.02,0.12,0.41,1
1.66,0.05,0.03,1
42,0.3,0.3,0
404.55,3.24,1.08,0
3.8,0.11,0.01,1
228.39,1.83,0.92,0
1.44,0.04,0.03,1
26,0.8,0.5,0
3.85,0.12,0.4,1
29,0.8,0.6,0
2.11,0.06,0.09,1
4.47,0.13,0.1,1
49,0.5,0.5,0
77,0.9,0.4,0
4.34,0.13,0.12,1
3.59,0.11,0.04,1
35.45,0.28,0.5,0
2.54,0.08,0.09,1
35,0.7,0.4,0
18,1.2,0.5,0
2.43,0.07,0.09,1
2.5,0.08,0.04,1
35,0.9,0.3,0
0,0,0,1
17.75,0.14,1.63,0
335.8,2.69,2.04,0
73,1.2,0.6,0
1.89,0.06,0.04,1
43,0.3,0.5,0
2.94,0.09,0.02,1
0,0,0.26,1
2.98,0.09,0.13,1
58.82,0.47,0,0
56,0.7,0.3,0
92.66,0.74,1.59,0
18,1.1,0.6,0
59,0.8,0.3,0
56,1,0.3,0
2.4,0.07,0.06,1
0,0,0,1
4.78,0.14,0.09,1
11,0.2,0.4,0
1.7,0.05,0.01,1
64.17,0.51,0.32,0
39,1.2,0.5,0
1.71,0.05,0.01,1
28.34,0.23,0,0
1.29,0.04,0.03,1
1.53,0.05,0.04,1
2.97,0.09,0.5,1
0,0,0,1
2.75,0.08,0.05,1
45,0.5,0.3,0
77.42,0.62,0.71,0
253.42,2.03,2.4,0
58,0.3,0.7,0
52,1.1,0.2,0
15.15,0.12,0.15,0
5.26,0.16,0.14,1
1.81,0.05,0.13,1
17,0.9,0.4,0
3.71,0.11,0.08,1
17.95,0.14,1.67,0
35,1.1,0.5,0
309.46,2.48,1.5,0
87.78,0.7,0.06,0
489.07,3.91,1.8,0
66,0.2,0.4,0
70.84,0.57,0.1,0
354.88,2.84,1.63,0
4.16,0.13,0.01,1
25.81,0.21,1.69,0
23.86,0.19,1.68,0
1.52,0.05,0.07,1
43,1,0.5,0
2.62,0.08,0.07,1
41,1.2,0.4,0
17.42,0.14,0.04,0
2.92,0.09,0.05,1
3.61,0.11,0.16,1
2.27,0.07,0.09,1
35,0.6,0.7,0
53,0.3,0.6,0
49.48,0.4,1.25,0
74,1.2,0.7,0
43,0.6,0.5,0
23,0.5,0.4,0
461.03,3.69,1.61,0
48,0.6,0.5,0
6.5,0.2,0.23,1
2.7,0.08,0.13,1
4.15,0.12,0.06,1
58,0.6,0.2,0
38,0.8,0.2,0
331.33,2.65,1.54,0
42,0.7,0.1,0
17,0.2,0.4,0
3.27,0.1,0.12,1
23,0.3,0.1,0
15,0.3,0.3,0
1.68,0.05,0.06,1
2.33,0.07,0.1,1
46.89,0.38,0.17,0
69.72,0.56,0.34,0
6.45,0.19,0.38,1
55,0.7,0.3,0
43,0.2,0.5,0
457.77,3.66,1.4,0
56,0.7,0.4,0
451.56,3.61,2.04,0
3.04,0.09,0.01,1
38,1,0.3,0
6.19,0.19,0.15,1
18.09,0.14,0.09,0
33,0.7,0.5,0
84.13,0.67,0.35,0
1.99,0.06,0.08,1
45,0.3,0.6,0
11.86,0.09,0.02,0
1.64,0.05,0.01,1
44,0.4,0.4,0
34.53,0.28,1.48,0
5.94,0.18,0.27,1
52,1.2,0.5,0
467.67,3.74,1.32,0
2.21,0.07,0.1,1
2.63,0.08,0.03,1
3.38,0.1,0.03,1
42,0.7,0.7,0
3.66,0.11,0.02,1
312.02,2.5,1.05,0
86.33,0.69,0.59,0
58,0.8,0.3,0
17.68,0.14,0.39,0
56.21,0.45,0.18,0
57,0.7,0.4,0
54,0.2,0.6,0
2.42,0.07,0.08,1
3.03,0.09,0.22,1
3.06,0.09,0.21,1
30,0.9,0.6,0
5.14,0.15,0.19,1
499.89,4,1.91,0
2.4,0.07,0.06,1
104.99,0.84,0.2,0
1.35,0.04,0.02,1
2.17,0.07,0.02,1
44,0.3,0.2,0
2.66,0.08,0.05,1
154.65,1.24,0.17,0
12.87,0.1,0,0
2.18,0.07,0.02,1
1.97,0.06,0.08,1
2.52,0.08,0.01,1
39,0.2,0.6,0
60,0.9,0.6,0
1.72,0.05,0,1
86.81,0.69,0.07,0
29,1.1,0.6,0
19,0.3,0.5,0
18,0.6,0.4,0
462.91,3.7,1.48,0
30.37,0.24,0.45,0
2.17,0.07,0.05,1
353.28,2.83,1.1,0
7.49,0.23,0.01,1
425.43,3.4,1.16,0
6.1,0.18,0.33,1
4.18,0.13,0.04,1
2.71,0.08,0.07,1
4.34,0.13,0.2,1
24.63,0.2,0,0
559.62,4.48,1.37,0
294.13,2.35,1.38,0
98.83,0.79,0,0
80,0.5,0.7,0
35.69,0.29,0,0
2.37,0.07,0.03,1
19,0.8,0.6,0
159.92,1.28,0.21,0
364.71,2.92,1.97,0
20,0.9,0.4,0
493.15,3.95,1.66,0
547,4.38,1.3,0
32,0.2,0.3,0
21,0.2,0.1,0
66,0.3,0.4,0
0.78,0.02,0.06,1
563.85,4.51,1.09,0
269.09,2.15,2.06,0
2.04,0.06,0.08,1
26,0.8,0.1,0
1.68,0.05,0.07,1
1.76,0.05,0.09,1
6.59,0.2,0.4,1
33,0.1,0.3,0
22,1.2,0.4,0
430.5,3.44,0.9,0
543.33,4.35,1.83,0
20,1.2,0.4,0
626.59,5.01,1.42,0
22,0.4,0.3,0
53,0.9,0.3,0
1.26,0.04,0.01,1
5.65,0.17,0.02,1
2.17,0.07,0.12,1
370.21,2.96,1.68,0
1.97,0.06,0.05,1
60,0.3,0.6,0
2.28,0.07,0.07,1
19,0.4,0.5,0
73,0.8,0.4,0
78.9,0.63,0.55,0
30.24,0.24,0.06,0
11.93,0.1,0.03,0
54.85,0.44,0.05,0
77.24,0.62,1.61,0
20,1.1,0.1,0
14,1.2,0.3,0
28.27,0.23,1.56,0
26,0.2,0.3,0
2.3,0.07,0.01,1
65.5,0.52,0.01,0
56,0.6,0.1,0
26,0.6,0.4,0
57.83,0.46,0.04,0
2.38,0.07,0,1
5.57,0.17,0.01,1
22.75,0.18,0.01,0
379.11,3.03,1.07,0
76.09,0.61,0,0
51,1.1,0.1,0
380.34,3.04,1.29,0
38,1.1,0.1,0
250.95,2.01,0.89,0
103.97,0.83,0.06,0
1.77,0.05,0.03,1
461.91,3.7,1.03,0
150.7,1.21,0.03,0
174.62,1.4,0.01,0
58,0.7,0.4,0
65.82,0.53,2.24,0
455.06,3.64,1.28,0
1.56,0.05,0.03,1
76.34,0.61,1.77,0
66,0.8,0.7,0
60,0.2,0.3,0
32,0.8,0.2,0
53,0.6,0.3,0
48,0.2,0.4,0
33,0.3,0.5,0
524.86,4.2,1.06,0
1.93,0.06,0.03,1
6.51,0.2,0.16,1
359.83,2.88,2.49,0
3.37,0.1,0.21,1
23,1.2,0.3,0
74,0.3,0.7,0
63,0.1,0.4,0
3.68,0.11,0.06,1
3.97,0.12,0.26,1
36,1,0.4,0
57.55,0.46,0.03,0
57.55,0.46,0.1,0
6.05,0.18,0.01,1
0,0,0,1
2.25,0.07,0.06,1
47.44,0.38,0,0
470.96,3.77,1.37,0
66.4,0.2,0.03,0
426.7,3.41,1.4,0
4.37,0.13,0.22,1
390.23,3.12,1.6,0
33.02,0.26,0.15,0
46,0.3,0.2,0
35.71,0.29,0.07,0
45,0.4,0.2,0
56,0.5,0.6,0
113.88,0.91,0.4,0
2.46,0.07,0.04,1
2.72,0.08,10.73,1
56,0.1,0.6,0
1.77,0.05,10.32,1
370.21,2.96,1.19,0
1.52,0.05,0.07,1
5.1,0.15,0.01,1
2.1,0.06,0.1,1
1.18,0.04,0.02,1
427.98,3.42,1.03,0
2.03,0.06,0.01,1
78,0.7,0.7,0
96.8,0.77,0.12,0
1.43,0.04,0.04,1
19,1.2,0.3,0
53,0.8,0.5,0
77,0.2,0.7,0
421.47,3.37,1.87,0
80.23,0.64,0.03,0
66.88,0.54,0,0
34,1,0.1,0
1.75,0.05,0.02,1
5.45,0.16,0.24,1
34,0.8,0.2,0
373.51,2.99,0.87,0
53.63,0.43,0.13,0
4.67,0.14,0.22,1
25.53,0.2,0.13,0
97.8,0.78,0.04,0
75.52,0.6,0.08,0
47,0.6,0.3,0
64.28,0.51,0.05,0
2.28,0.07,0.09,1
2.69,0.08,0,1
2.32,0.07,0.11,1
31,1,0.6,0
6.07,0.18,0.17,1
45,1.2,0.1,0
19.29,0.15,0,0
146.51,1.17,0.15,0
2.02,0.06,0.06,1
15,0.6,0.5,0
46.68,0.37,0.17,0
3.62,0.11,0.01,1
101.49,0.81,0.08,0
30,0.3,0.4,0
346.32,2.77,1.85,0
35,0.4,0.1,0
273.53,2.19,1.22,0
2.54,0.08,0.05,1
435.41,3.48,1.9,0
47,0.4,0.4,0
503.74,4.03,1.19,0
49,0.3,0.1,0
133.45,1.07,0.01,0
5.25,0.16,0.29,1
27,0.5,0.2,0
1.4,0.04,0.03,1
6.39,0.19,0.07,1
5.75,0.05,0.18,0
422.4,3.38,1.57,0
3.68,0.11,0.21,1
24,0.1,0.4,0
19,0.5,0.7,0
2.03,0.06,0.01,1
500.83,4.01,1.81,0
102.85,0.82,0.1,0
34,0.9,0.1,0
80.73,0.65,0,0
335.46,2.68,1.95,0
39,1.2,0.6,0
206.48,1.65,1.36,0
2.39,0.07,0.04,1
24,0.4,0.2,0
488.4,3.91,1.85,0
22,0.9,0.4,0
47,1.2,0.3,0
2.57,0.08,0.04,1
51,0.8,0.2,0
2.37,0.07,0.2,1
5.33,0.16,0.17,1
14.26,0.11,0.07,0
58,1.2,0.6,0
2.4,0.07,0.06,1
73.17,0.59,0.5,0
4.53,0.14,0.06,1
2.47,0.07,0.04,1
2.27,0.07,0.02,1
3.26,0.1,0.22,1
3.53,0.11,0.21,1
1.42,0.04,0.03,1
42,1,0.4,0
23.18,0.19,0.01,0
17.98,0.14,0,0
499.18,3.99,1.35,0
46,1.1,0.4,0
33,1.1,0.6,0
73,0.1,0.5,0
2.37,0.07,0.08,1
80.62,0.65,0.13,0
584.52,4.68,1.51,0
2.08,0.06,0.36,1
133.39,1.07,0.68,0
126.02,1.01,0.07,0
266.95,2.14,0.89,0
2.13,0.06,0.05,1
6.04,0.18,0.02,1
387.68,3.1,0.82,0
3.1,0.09,0.15,1
19,1.2,0.4,0
22,1.1,0.4,0
55,1.1,0.4,0
344.01,2.75,1.13,0
2.74,0.08,0.01,1
33.87,0.27,2.63,0
1.81,0.05,0.01,1
2.19,0.07,0.11,1
2.64,0.08,0.16,1
6.01,0.18,0.18,1
368.99,2.95,0.16,0
51,0.9,0.1,0
73.33,0.59,0.01,0
30,0.9,0.3,0
4.06,0.12,0.1,1
5.23,0.16,0.25,1
5.84,0.18,0.23,1
27,0.6,0.4,0
62,0.8,0.4,0
1.44,0.04,0.07,1
646.82,5.17,1.13,0
2.71,0.08,0.13,1
54,0.3,0.1,0
24,0.9,0.3,0
3.15,0.09,0.2,1
24.25,0.19,0,0
2.25,0.07,0.14,1
1.46,0.04,0.07,1
335.12,2.68,1.8,0
3.17,0.1,0.04,1
18,0.6,0.2,0
340.87,2.73,1.64,0
81.81,0.65,0.23,0
2.51,0.08,0.1,1
109.77,0.88,0.01,0
50,0.3,0.2,0
277.88,2.22,1.46,0
27.33,0.22,1.86,0
518.48,4.15,1.16,0
41,0.8,0.1,0
3.28,0.1,0.33,1
4.52,0.14,0.2,1
61,0.7,0.7,0
18.77,0.15,0.26,0
361.42,2.89,1.39,0
52,0.8,0.2,0
21,0.9,0.3,0
2.23,0.07,0.02,1
2.15,0.06,0.07,1
42,0.3,0.6,0
141.12,1.13,0.09,0
102.68,0.82,1.62,0
2.5,0.08,0.08,1
4.96,0.15,0.24,1
2.74,0.08,0.08,1
2.1,0.06,0.06,1
157.41,1.26,0.68,0
40,1.1,0.2,0
494.43,3.96,1.08,0
359.83,2.88,2.02,0
2.5,0.08,0.07,1
163.44,1.31,1.25,0
48,1.2,0.3,0
78,0.5,0.7,0
1.63,0.05,0.08,1
37.06,0.3,0.02,0
83.93,0.67,0.08,0
3.18,0.1,0.14,1
34,0.8,0.2,0
188.45,1.51,0.19,0
136.48,1.09,2.23,0
4.77,0.14,0.21,1
617.15,4.94,1.56,0
2.72,0.08,0.11,1
2.91,0.09,0.06,1
17,0.5,0.2,0
28,0.2,0.2,0
5.3,0.16,0.16,1
594.23,4.75,1.36,0
57,0.7,0.4,0
2.74,0.08,0.07,1
3.09,0.09,0.01,1
4.02,0.12,0.25,1
389.53,3.12,1.41,0
0,0,0,1
1.82,0.06,0.01,1
25,0.6,0.3,0
6.08,0.18,0.26,1
79,1.2,0.6,0
37.85,0.3,0.14,0
50.28,0.4,0.11,0
6.52,0.2,0.29,1
23,0.4,0.1,0
1.02,0.03,0.03,1
1.85,0.06,0.06,1
18,0.6,0.7,0
82.39,0.66,0.1,0
3.54,0.11,0.2,1
3.14,0.09,0.22,1
3.3,0.1,0.03,1
2.99,0.09,0.06,1
468.17,3.75,1.4,0
510.94,4.09,1.5,0
3.49,0.11,0.15,1
3.24,0.1,0.04,1
102.92,0.82,0.02,0
42,0.6,0.3,0
71,0.3,0.5,0
453.39,3.63,1.36,0
2.16,0.07,0.1,1
49,1,0.1,0
49,0.7,0.4,0
78,0.2,0.4,0
584.88,4.68,1.62,0
465.65,3.73,1.16,0
18.67,0.15,1.24,0
30,0.3,0.4,0
2.34,0.07,0.09,1
105.42,0.84,0.09,0
3.17,0.1,0.04,1
4.33,0.13,0.07,1
3.13,0.09,0.3,1
688.91,5.51,1.35,0
237.47,1.9,1.48,0
12,0.2,0.6,0
4.32,0.13,0.23,1
18,1.1,0.6,0
147.36,1.18,0.08,0
2.19,0.07,0.08,1
50,0.6,0.1,0
3.08,0.02,0.12,0
32,1.2,0.5,0
51,1.1,0.3,0
15,0.8,0.3,0
35.49,0.28,0,0
48,0.38,0,0
3.05,0.09,0.03,1
285.89,2.29,0.02,0
5.64,0.17,0.02,1
35,0.7,0.5,0
4.04,0.12,0.16,1
2.58,0.08,0.07,1
359.97,2.88,1.92,0
3.27,0.1,0.11,1
4.01,0.12,0.09,1
473.86,3.79,1.01,0
52,0.6,0.6,0
517.7,4.14,1.48,0
28.94,0.23,0.63,0
38,0.4,0.6,0
311.09,2.49,1.41,0
42.71,0.34,1.45,0
85.91,0.69,0.03,0
42,0.7,0.4,0
36.29,0.29,2.7,0
463.38,3.71,1.29,0
42.56,0.34,0.41,0
1.96,0.06,0.01,1
45,0.3,0.5,0
155.71,1.25,0.18,0
3.24,0.1,0.03,1
64.8,0.52,0.03,0
2.26,0.07,0.12,1
388.67,3.11,1.79,0
1.7,0.05,0.02,1
461.38,3.69,1.27,0
480.35,3.84,1.07,0
49,0.7,0.7,0
469.13,3.75,1.31,0
50,1.1,0.3,0
2.24,0.07,0.01,1
47.9,0.38,0.07,0
20,0.3,0.5,0
227.97,1.82,0.23,0
2.26,0.07,0.11,1
463.84,3.71,1.74,0
2.77,0.08,0.03,1
64.22,0.51,0.15,0
44,1.2,0.3,0
3.73,0.11,0.23,1
294.35,2.36,1.87,0
443.76,3.55,1.83,0
101.93,0.82,0.12,0
451.73,3.61,1,0
338.65,2.71,1.67,0
601.97,4.82,1.37,0
44,0.6,0.7,0
5.55,0.17,0.31,1
36,1,0.7,0
76.11,0.61,0.37,0
510.31,4.08,1.61,0
17,0.2,0.5,0
25,0.1,0.7,0
47,1,0.6,0
524.69,4.2,1.61,0
5.47,0.16,0.06,1
2.17,0.07,0.11,1
23,1.1,0.4,0
434.41,3.48,1.65,0
3.19,0.1,0.09,1
40.59,0.33,0.15,0
455.61,3.64,1.72,0
29,0.8,0.1,0
46.24,0.37,0.06,0
443.02,3.54,1.92,0
3.6,0.11,0.16,1
26.43,0.21,0.57,0
2.93,0.09,0.14,1
1.27,0.04,0.03,1
2.35,0.07,0.01,1
34,0.8,0.4,0
47.71,0.38,0.35,0
25,0.3,0.5,0
2.81,0.08,0.05,1
358.82,2.87,1.84,0
2.01,0.06,0.05,1
501.7,4.01,1.13,0
500.17,4,1.42,0
2.17,0.07,0,1
1.49,0.05,0.03,1
24,0.5,0.3,0
2.48,0.07,0.02,1
8.58,0.07,0.79,0
57,1,0.4,0
48,0.5,0.4,0
2.93,0.09,0.06,1
5.64,0.17,0.27,1
383.29,3.07,1.37,0
60,1.2,0.2,0
234.8,1.88,0.17,0
562.36,4.5,1.33,0
383.89,3.07,1.83,0
550.85,4.41,1.69,0
59,0.3,0.4,0
41,1.2,0.6,0
72,0.9,0.6,0
51,0.8,0.7,0
4.89,0.15,0.15,1
52,0.8,0.2,0
62.71,0.5,0,0
4.33,0.13,0.08,1
44,0.8,0.3,0
445.72,3.57,1.49,0
571.77,4.57,2.04,0
52,1.1,0.3,0
115.23,0.92,0.11,0
28.36,0.23,0.29,0
15,1,0.2,0
449.21,3.59,1.31,0
2.08,0.06,0.07,1
463.21,3.71,1.22,0
1.52,0.05,0.04,1
36.18,0.29,0,0
77,0.2,0.5,0
5.5,0.17,0.09,1
83.88,0.67,0.03,0
4,0.12,0.05,1
17.53,0.14,0.15,0
162.09,1.3,0.07,0
504.63,4.04,0.95,0
20,0.6,0.7,0
61,0.8,0.5,0
45,1.1,0.5,0
14.76,0.12,0.05,0
542.37,4.34,0.74,0
2.17,0.07,0.02,1
293.14,2.35,0.1,0
4.26,0.13,0.19,1
2.45,0.07,0.22,1
69.34,0.55,0.17,0
71,0.3,0.6,0
47.14,0.38,0.01,0
2.04,0.06,0.33,1
4.97,0.15,0.23,1
70.47,0.56,0.05,0
359.24,2.87,1.18,0
78,0.5,0.5,0
20,0.2,0.1,0
2.48,0.07,0.02,1
47,0.2,0.6,0
3.29,0.1,1.01,1
22,0.8,0.5,0
336.55,2.69,1.98,0
30,1.1,0.4,0
5.23,0.16,0.5,1
6.3,0.19,0.15,1
49.57,0.4,0,0
1.95,0.06,0.01,1
3.41,0.1,0.1,1
2.78,0.08,0.04,1
540.06,4.32,1.48,0
35,0.5,0.6,0
389.01,3.11,1.31,0
26.95,0.22,0.03,0
1.84,0.06,0.02,1
45,0.9,0.5,0
3.05,0.09,0,1
3.15,0.09,0.18,1
54,1.2,0.4,0
68,0.1,0.3,0
365.21,2.92,2.02,0
2.59,0.08,0.03,1
3.67,0.11,0.05,1
164.18,1.31,0.24,0
2.26,0.07,0.14,1
2,0.06,0.01,1
34,1.1,0.1,0
394.81,3.16,1.41,0
28.85,0.23,0,0
14,0.6,0.6,0
8.47,0.07,0,0
1.91,0.06,0.04,1
56,0.2,0.4,0
90.72,0.73,0.09,0
42,0.6,0.4,0
3.14,0.09,0.07,1
92.29,0.74,0.03,0
6.76,0.2,0.1,1
3.03,0.09,0.06,1
1.83,0.06,0.03,1
30,0.4,0.2,0
62,0.6,0.5,0
21,0.5,0.1,0
2.21,0.07,0.04,1
70,0.1,0.7,0
476.84,3.81,1.39,0
62.72,0.5,0.03,0
46,0.7,0.4,0
106.87,0.86,0.06,0
3.75,0.11,0,1
3.52,0.11,0.01,1
50.23,0.4,0.22,0
2.76,0.08,0.02,1
3.08,0.09,0.04,1
2.77,0.08,0.11,1
213.9,1.71,0.28,0
56.55,0.45,0.08,0
431.34,3.45,1.6,0
24,0.8,0.5,0
2.59,0.08,0.07,1
2.67,0.08,0.1,1
48,0.2,0.3,0
1.94,0.06,0.07,1
20.01,0.16,0.02,0
1.45,0.04,0.02,1
47.59,0.38,0.11,0
104.34,0.83,2.02,0
382.79,3.06,1.18,0
30,0.9,0.6,0
7.28,0.22,0.17,1
71.99,0.58,0.03,0
100.43,0.8,0.05,0
400.77,3.21,1.43,0
0,0,0,1
465.36,3.72,1.06,0
474.08,3.79,1.33,0
6.6,0.2,0.16,1
26.46,0.21,0.02,0
460.22,3.68,1.06,0
2.92,0.09,0.14,1
3.51,0.11,0.14,1
58,0.6,0.3,0
61,0.4,0.7,0
3.38,0.1,0.23,1
33,0.7,0.5,0
232.74,1.86,0.4,0
13,0.6,0.5,0
359.16,2.87,1.31,0
1.44,0.04,0.04,1
318.08,2.54,2.06,0
516.25,4.13,1.3,0
59,0.3,0.5,0
88.38,0.71,0.06,0
385.74,3.09,1.76,0
79.81,0.64,1.68,0
2.47,0.07,0.18,1
57,1.2,0.1,0
3.01,0.09,0.14,1
3.41,0.1,0.24,1
1.37,0.04,0.01,1
351.2,2.81,1.71,0
1.9,0.06,0.07,1
44,1.2,0.3,0
1.44,0.04,10.69,1
300.81,2.41,1.41,0
5.26,0.16,0.3,1
273.06,2.19,0.21,0
55,1,0.2,0
47,0.9,0.4,0
27,0.3,0.3,0
228.76,1.83,0.24,0
2.43,0.07,0.02,1
165.34,1.32,0.08,0
2.44,0.07,0.07,1
74.94,0.6,0.19,0
361.31,2.89,1.67,0
2.5,0.08,0.03,1
3.56,0.11,0.07,1
495.13,3.96,1.47,0
78,0.9,0.6,0
19,0.2,0.5,0
478.55,3.83,1.56,0
2.92,0.09,0.14,1
3.99,0.12,0.32,1
53,0.9,0.4,0
350.7,2.81,1.9,0
68,0.3,0.6,0
31,0.7,0.3,0
2.77,0.08,0.09,1
45,1,0.1,0
5.11,0.15,0.15,1
26.46,0.21,0,0
28.16,0.23,0.04,0
3.35,0.1,0.17,1
65,0.4,0.6,0
4.96,0.15,0.43,1
518.08,4.14,1.54,0
53,0.3,0.6,0
423.9,3.39,1.81,0
29,0.3,0.1,0
3.3,0.1,0.07,1
320.83,2.57,1.33,0
1.51,0.05,0.03,1
2.06,0.06,0.03,1
47.67,0.38,0.8,0
3.25,0.1,10.73,1
35.16,0.28,0.01,0
79,0.2,0.5,0
599.62,2.4,0,0
4.5,0.14,0.22,1
23,0.7,0.7,0
25.57,0.21,0.02,0
2.46,0.07,0.05,1
71.48,0.57,0.14,0
26.05,0.21,0,0
344.24,2.75,1.94,0
57.81,0.46,0.05,0
1.53,0.05,0.21,1
20,0.6,0.2,0
76.96,0.62,0.13,0
4.68,0.14,0.23,1
4.56,0.14,0.01,1
481.47,3.85,1.58,0
1.51,0.05,0.06,1
21,0.5,0.5,0
57.1,0.46,0.1,0
3.01,0.09,0.22,1
46,0.5,0.3,0
2.3,0.07,0.1,1
57,0.6,0.3,0
51,0.7,0.3,0
6.27,0.19,0.29,1
79,1.1,0.5,0
1.78,0.05,0,1
1.96,0.06,0.03,1
25,1.1,0.1,0
140.16,1.12,1.13,0
70,0.3,0.7,0
5.81,0.17,0.22,1
289.75,2.32,2.02,0
4.46,0.13,0.17,1
581.93,4.66,1.45,0
54.92,0.44,0.16,0
2.49,0.08,0.01,1
570.3,4.56,1.68,0
5.34,0.16,0.16,1
5.01,0.15,0.37,1
32,0.4,0.2,0
57.6,0.46,2.19,0
49,0.7,0.2,0
2.13,0.06,0.02,1
87.71,0.7,2.11,0
44,1,0.2,0
2.81,0.08,0.11,1
84.87,0.68,0,0
62,0.6,0.7,0
17.59,0.14,0.01,0
2.13,0.06,0.05,1
2.8,0.08,0.02,1
219.63,1.76,0.14,0
15,0.3,0.6,0
6.42,0.19,0.31,1
56,0.7,0.5,0
74.4,0.6,0.05,0
48,1.2,0.4,0
119.53,0.96,0.26,0
2.55,0.08,0.02,1
46,0.5,0.5,0
49.31,0.39,0,0
20.04,0.16,0.09,0
516.44,4.13,1.61,0
56.96,0.46,0.27,0
1.8,0.05,0.12,1
24,0.7,0.7,0
1.95,0.06,0.06,1
2.5,0.08,0.25,1
6.61,0.2,0.29,1
3.27,0.1,0.18,1
4.45,0.13,0.19,1
473.61,3.79,1.25,0
50,0.4,0,0
3.49,0.11,0.01,1
2.15,0.06,0.03,1
4.08,0.12,0.07,1
4.5,0.14,0.05,1
30,1,0.2,0
2.98,0.09,0.11,1
33,1.2,0.4,0
40,1.2,0.5,0
14.76,0.12,0.08,0
56.87,0.46,0.11,0
82.49,0.66,0.2,0
53,0.4,0.2,0
510.2,4.08,1.49,0
30.01,0.24,0.12,0
2.77,0.08,0.13,1
7.76,0.23,0.32,1
4.2,0.13,0.28,1
15,0.6,0.2,0
6.43,0.19,0.12,1
2.59,0.08,1.07,1
2.31,0.07,0,1
306.38,2.45,0.15,0
7.85,0.24,0.41,1
26.99,0.22,0.33,0
54.65,0.44,0.26,0
3,0.09,0.18,1
54,0.2,0.2,0
477.61,3.82,2.02,0
2.38,0.07,0.04,1
405.37,3.24,1.41,0
3.03,0.09,0.01,1
16,0.2,0.1,0
613.84,4.91,1.37,0
4.29,0.13,0.16,1
19,0.3,0.5,0
3.53,0.11,0.46,1
90.45,0.72,0.15,0
497.3,3.98,1.39,0
3.11,0.09,0.03,1
1.7,0.05,0.07,1
60,1.2,0.3,0
39,0.8,0.4,0
1.97,0.06,0.03,1
108.45,0.87,0.83,0
6.36,0.19,0.43,1
96.9,0.78,1.79,0
3.53,0.11,0.23,1
43,0.4,0.1,0
7.49,0.23,0.07,1
94.73,0.76,0.24,0
113.1,0.91,0.27,0
48,0.9,0.5,0
3.75,0.11,0.21,1
358.98,2.87,1.77,0
360.05,2.88,0.37,0
31,0.9,0.6,0
82.92,0.66,0.15,0
159.13,1.27,0.01,0
17.89,0.14,0.01,0
2.44,0.07,0.03,1
356.51,0.32,0.21,0
12.68,0.1,0,0
39,1.2,0.2,0
6.28,0.19,10.23,1
1.67,0.05,0.15,1
1.4,0.04,0.05,1
97.69,0.78,0.03,0
78,1.2,0.3,0
111.61,0.89,0.08,0
18.89,0.15,1.75,0
56,0.4,0.4,0
2.98,0.09,0.07,1
21,0.9,0.1,0
245.74,1.97,1.43,0
43,0.9,0.2,0
80.4,0.64,1.51,0
0,0,0,1
89.6,0.72,0.52,0
21,1,0.3,0
40,0.5,0.1,0
95.93,0.77,0.23,0
92.41,0.74,0.04,0
522.29,4.18,1.37,0
188.27,1.51,0.19,0
337.73,2.7,2.1,0
28,0.4,0.5,0
17.67,0.14,0,0
50,0.8,0.5,0
4.1,0.12,0.18,1
41,0.4,0.5,0
47.68,0.38,0.07,0
622.31,4.98,1.02,0
73,1.1,0.4,0
2.83,0.09,0.03,1
67.55,0.54,0.16,0
325.17,2.6,1.02,0
28.47,0.23,0.04,0
4.04,0.12,0.34,1
463.45,3.71,1.16,0
42,0.2,0.7,0
1.63,0.05,0.02,1
573.39,4.59,1.65,0
1.71,0.05,0.01,1
4.85,0.15,0.13,1
38,0.2,0.1,0
0.97,0.03,0.01,1
1.42,0.04,0.04,1
4.46,0.13,0.15,1
1.48,0.04,0.02,1
61,1.1,0.4,0
44,0.7,0.1,0
2.04,0.06,0.18,1
37,0.3,0.6,0
395.88,3.17,2.11,0
7.17,0.22,0.25,1
82.7,0.66,0.12,0
20,1,0.1,0
1.66,0.05,0.06,1
2.52,0.08,0.09,1
38,1.2,0.7,0
57,0.8,0.1,0
25,1,0.7,0
53,0.7,0.3,0
74,0.2,0.7,0
50.95,0.41,0.34,0
47,0.7,0.3,0
3.97,0.12,0.43,1
3.34,0.1,0.11,1
384.85,3.08,0.25,0
250.22,2,1.23,0
26.02,0.21,2.2,0
3.49,0.11,0.12,1
27,1.2,0.5,0
64.3,0.51,0.01,0
462.31,3.7,2.13,0
340.65,2.73,1.68,0
20,0.9,0.4,0
425.21,3.4,1.38,0
80,0.7,0.3,0
6.47,0.19,0.11,1
1.96,0.06,0.02,1
44,0.5,0.7,0
139.39,1.12,0.1,0
1.83,0.06,0.01,1
37,1.2,0.5,0
37,1.2,0.5,0
457.58,3.66,1.14,0
4.13,0.12,0.55,1
104.96,0.84,1.42,0
32,1.2,0.4,0
45,0.2,0.6,0
632.4,5.06,1.59,0
2.23,0.07,0.02,1
50,0.9,0.5,0
2.64,0.08,0.11,1
37.67,0.3,0.19,0
65,1.2,0.7,0
2.55,0.08,0.02,1
3.37,0.1,0.01,1
1.33,0.04,0.07,1
3.22,0.1,0.25,1
2.56,0.08,0.06,1
61.73,0.49,0,0
507.12,4.06,1.24,0
42,0.7,0.3,0
82.7,0.66,0.14,0
422,3.38,0.41,0
28,0.7,0.6,0
514.01,4.11,1.33,0
106.87,0.86,0.13,0
30,1,0.5,0
4.6,0.14,0.32,1
452.92,3.62,1.25,0
79.9,0.64,1.91,0
225.36,1.8,0.13,0
17,0.3,0.6,0
81.55,0.65,2.46,0
3.11,0.09,0.04,1
35,0.4,0.1,0
452.31,3.62,1.55,0
4.89,0.15,0.03,1
32,1.1,0.2,0
442.3,3.54,0.39,0
78,0.6,0.4,0
68,0.8,0.3,0
40,0.9,0.6,0
553.18,4.43,1.99,0
6.52,0.2,0.31,1
127.11,1.02,2.54,0
2.97,0.09,0.06,1
1.78,0.05,0.01,1
25,1.1,0.3,0
79,0.1,0.3,0
4.73,0.14,0.03,1
6.17,0.19,0.13,1
529.43,4.24,1.4,0
409.68,3.28,1.45,0
2.08,0.06,0.02,1
94.97,0.76,0.32,0
65,0.8,0.3,0
3.24,0.1,0.06,1
25,0.7,0.6,0
60,1.2,0.3,0
198.1,1.58,1.75,0
31,1.2,0.5,0
49,0.7,0.1,0
402.78,3.22,0.98,0
56.68,0.45,2.09,0
1.72,0.05,0,1
3.9,0.12,0.78,1
478.47,3.83,1.49,0
64.67,0.52,0,0
59.55,0.48,0,0
80,0.5,0.4,0
80,0.1,0.3,0
444.38,3.56,0.94,0
22.67,0.18,0.13,0
90.85,0.73,0.44,0
32,0.4,0.4,0
1.32,0.04,0.1,1
48,0.3,0.5,0
59,0.3,0.3,0
2.91,0.09,0.11,1
1.81,0.05,0.03,1
49,0.4,0.2,0
587.09,4.7,1.18,0
59.48,0.48,0.34,0
2.5,0.08,0.04,1
4.74,0.14,0.12,1
134.16,1.07,0.29,0
3.63,0.11,0.15,1
26.39,0.21,0,0
399.12,3.19,1.77,0
421.86,3.37,1.71,0
1.94,0.06,0.07,1
608.1,4.86,1.37,0
12.69,0.1,0.11,0
53,0.2,0.5,0
27,0.9,0.2,0
314.06,2.51,1.17,0
47.89,0.38,0.01,0
2.89,0.09,0.07,1
582.38,4.66,1.69,0
6.97,0.21,0.27,1
23,0.5,0.7,0
4.57,0.14,0.26,1
238.41,1.91,0.28,0
395.72,3.17,1.7,0
154.65,1.24,0.51,0
0,0,0,1
1.37,0.04,0.01,1
334.72,2.68,1.13,0
7,0.21,0.1,1
131.85,1.05,0.5,0
26,0.7,0.2,0
16,0.8,0.6,0
46,0.7,0.7,0
101.07,0.81,0.02,0
0,0,0.12,1
5.95,0.18,0.13,1
6.64,0.2,0.29,1
60,0.2,0.4,0
541.1,4.33,1.17,0
79,0.1,0.4,0
4.13,0.12,0.08,1
76,0.7,0.5,0
2.98,0.09,0.05,1
23.67,0.19,1.62,0
4.93,0.15,0.27,1
24.69,0.2,0.06,0
2.65,0.08,0.05,1
45,0.9,0.6,0
3.18,0.1,0.18,1
48.96,0.39,0.01,0
17,1.2,0.4,0
550.11,4.4,1.46,0
2.75,0.08,0.03,1
104.37,0.84,2.29,0
16,0.4,0.6,0
20,0.9,0.5,0
7.03,0.21,0.14,1
17.69,0.14,1.43,0
32,0.4,0.3,0
19.39,0.16,0.04,0
59,0.9,0.2,0
1.25,0.04,0.03,1
18,0.9,0.5,0
16,0.7,0.3,0
436.69,3.49,1.19,0
23.2,0.19,1.44,0
437.48,3.5,1.06,0
343.54,2.75,1.74,0
604.92,4.84,2.04,0
389.84,3.12,0.99,0
91.09,0.73,0.57,0
57.1,0.46,0,0
23.85,0.19,0.44,0
3.44,0.03,0.15,0
34,0.5,0.3,0
2.35,0.07,0.06,1
60,1,0.4,0
29,0.6,0.5,0
58,1.1,0.1,0
574.11,4.59,1.18,0
448.42,3.59,0.84,0
30,1.1,0.4,0
1.77,0.05,0.03,1
24,1.2,0.1,0
3.26,0.1,0.08,1
3.69,0.11,0.1,1
1.6,0.05,0.05,1
2.55,0.08,0.03,1
400.68,3.21,1.31,0
331.33,2.65,2.26,0
297.26,2.38,1.06,0
32,0.9,0.3,0
5.39,0.16,0.28,1
3.4,0.1,0.06,1
409.23,3.27,1.54,0
1.14,0.03,0.05,1
489.34,3.91,1,0
47,1,0.4,0
5.38,0.16,0.17,1
16,0.3,0.3,0
3.34,0.1,0.04,1
40.01,0.32,0,0
40,1.1,0.2,0
51,0.4,0.1,0
50,1,0.7,0
32,0.9,0.6,0
16,0.6,0.7,0
606.65,4.85,1.39,0
44,0.9,0.6,0
299.31,2.39,1.16,0
128.16,1.03,0.09,0
47,0.9,0.4,0
14.32,0.11,0.01,0
172.64,1.38,1.3,0
417.84,3.34,0.28,0
129.36,1.04,1.24,0
3.73,0.11,0.04,1
5.62,0.17,0.31,1
62.35,0.5,2.09,0
153.47,1.23,0.07,0
16,0.8,0.4,0
8.69,0.07,0.12,0
1.74,0.05,0.27,1
44.49,0.36,0.05,0
50.83,0.41,0.25,0
24,0.8,0.4,0
456.33,3.65,1,0
17.8,0.14,0.01,0
504.11,4.03,1.61,0
37,0.8,0.6,0
20.35,0.16,1.57,0
89.79,0.72,0.02,0
57,0.7,0.5,0
461.58,3.69,1.17,0
385.58,3.08,1.03,0
69.86,0.56,0.13,0
1.37,0.04,0.16,1
0,0,0,1
3.89,0.12,0.12,1
57,1.1,0.6,0
2.28,0.07,0.04,1
22,0.2,0.4,0
2.32,0.07,0.02,1
3,0.09,0.01,1
2.04,0.06,0.06,1
39.07,0.31,1.21,0
366.84,2.93,1.17,0
534.43,4.28,1.5,0
234.89,1.88,2.63,0
2,0.06,0.1,1
56,0.3,0.3,0
24,0.8,0.5,0
37,0.6,0.2,0
38,0.6,0.3,0
83.1,0.67,0.36,0
376.66,3.01,0.3,0
1.76,0.05,0.07,1
414.85,3.32,1.11,0
3.06,0.09,0.02,1
1.17,0.04,0.18,1
71.34,0.57,0.25,0
57,0.5,0.1,0
5.09,0.15,0.17,1
106.01,0.85,0,0
42,0.9,0.6,0
298.26,2.39,2.06,0
487.71,3.9,1.86,0
50,0.4,0.3,0
4.87,0.15,0.02,1
220.92,1.77,0.46,0
63,0.6,0.3,0
1.14,0.03,0.02,1
105.82,0.85,0.22,0
61,0.8,0.5,0
205.92,1.65,0.08,0
68.69,0.55,0,0
461.96,3.7,1.83,0
41,0.3,0.3,0
555.86,4.45,1.72,0
26.58,0.21,0,0
0,0,0,1
6.62,0.2,0.31,1
2.01,0.06,0.08,1
54,0.5,0.3,0
6.98,0.21,0.08,1
2.36,0.07,0.13,1
74,0.4,0.3,0
5.04,0.15,0.87,1
507.14,4.06,1.37,0
5.82,0.18,0.2,1
24,1,0.2,0
24,0.3,0.3,0
62.83,0.5,0.43,0
57,0.2,0.1,0
46,0.9,0.6,0
3.19,0.1,0.09,1
2.76,0.08,0.07,1
538.08,4.3,1.65,0
35,0.5,0.5,0
37,0.6,0.3,0
3.11,0.09,0.05,1
3.2,0.1,0.25,1
141.42,1.13,0.04,0
455.88,3.65,0.27,0
54.09,0.43,1.64,0
2.46,0.07,0.04,1
32,0.8,0.6,0
5.23,0.16,0.34,1
2.12,0.06,0.03,1
361.16,2.89,0.42,0
47.4,0.38,0.32,0
19,0.8,0.5,0
558.3,4.47,1.86,0
2.57,0.08,0.12,1
14.16,0.43,1.67,1
66,0.5,0.7,0
3.96,0.12,0.1,1
4.99,0.15,0.22,1
497.21,3.98,1.5,0
48,1.2,0.5,0
36,0.3,0.3,0
101.66,0.81,1.76,0
2.65,0.08,0.06,1
2.57,0.08,0.04,1
4.44,0.13,0.03,1
2.65,0.08,0.04,1
507.58,4.06,1.64,0
44,0.6,0.4,0
272.44,2.18,1.24,0
48,0.4,0.3,0
22,1.1,0.1,0
502.53,4.02,1.71,0
104.69,0.84,0,0
413.47,3.31,1.68,0
30,0.4,0.5,0
411.42,3.29,1.5,0
48,0.2,0.5,0
538.13,4.31,1.36,0
55,0.2,0.3,0
37,0.5,0.5,0
26,0.9,0.3,0
524.86,4.2,1.33,0
5.7,0.17,0.08,1
69,0.1,0.7,0
3.77,0.11,0.07,1
483.96,3.87,1.57,0
1.19,0.04,0.08,1
3.85,0.12,0.14,1
288.1,2.31,1.86,0
40,0.32,0,0
40,0.4,0.7,0
46,0.2,0.3,0
36,0.2,0.5,0
472.86,3.78,1.65,0
525.26,4.2,1.11,0
159.54,1.28,0.31,0
6.42,0.19,0,1
5.48,0.16,0.05,1
378.77,3.03,0.97,0
322.11,2.58,0.85,0
152.62,1.22,0.53,0
16,1,0.5,0
103.78,0.83,0.21,0
5.7,0.05,0.23,0
501.21,4.01,1.42,0
17.78,0.14,0,0
3.82,0.11,0.07,1
17.52,0.14,0,0
1.65,0.05,0.28,1
2.86,0.09,0.15,1
569.09,4.55,1.07,0
149.54,1.2,0.34,0
398.09,3.18,1.47,0
350.18,2.8,1.71,0
4.72,0.14,0.18,1
37.72,0.3,1.88,0
12.16,0.1,0,0
41,1.2,0.4,0
2.9,0.09,0.1,1
43,1,0.6,0
74,0.2,0.5,0
4.71,0.14,0.05,1
53.55,0.43,1.45,0
4.28,0.13,0.15,1
76.3,0.61,0,0
150.35,1.2,0.27,0
24,0.7,0.6,0
26,0.5,0.2,0
47,0.5,0.3,0
1.45,0.04,0.04,1
2.97,0.09,0.07,1
3.63,0.11,0.25,1
4.05,0.12,0.06,1
1.44,0.04,0.01,1
248.5,1.99,1.62,0
550.42,4.4,0.61,0
94.02,0.75,0.09,0
37,0.9,0.2,0
2.28,0.07,0.07,1
3.22,0.1,0.01,1
1.94,0.06,0.01,1
81.57,0.65,0.03,0
54,0.5,0.3,0
3.16,0.1,0.2,1
5.93,0.18,0.08,1
4.51,0.14,0.09,1
578.32,4.63,1.8,0
2.5,0.08,0.12,1
3.94,0.12,0.14,1
65.08,0.52,0.15,0
48.79,0.39,0,0
37,0.7,0.1,0
36,1,0.3,0
2.49,0.08,0.03,1
1.72,0.05,0.45,1
30,1.1,0.1,0
2.18,0.07,0.09,1
454.92,3.64,1.67,0
26.67,0.21,0.02,0
24,1.1,0.3,0
64.57,0.52,1.55,0
32,0.1,0.5,0
1.95,0.06,0.01,1
1.46,0.04,0.05,1
2.47,0.07,0.08,1
61,0.6,0.7,0
44,0.9,0.6,0
3.09,0.09,0.01,1
55,1.1,0.6,0
2.84,0.09,0.1,1
533.29,4.27,1.61,0
3.99,0.12,0.26,1
6.69,0.2,0.15,1
3.14,0.09,0.12,1
1.54,0.05,0.03,1
2.58,0.08,0.01,1
6.05,0.18,0.11,1
384.47,3.08,1.42,0
1.77,0.05,0.03,1
478.33,3.83,1.88,0
55,0.5,0.4,0
2.21,0.07,0.01,1
63.81,0.51,0.05,0
541.61,4.33,1.58,0
2.07,0.06,0.1,1
52,1.2,0.1,0
51,1,0.5,0
121.29,0.97,0.62,0
57,1.2,0.4,0
665.68,5.33,1.55,0
21,1,0.6,0
55,0.6,0.3,0
17.86,0.14,0,0
23,0.8,0.4,0
52,0.3,0.4,0
572.24,4.58,1.7,0
58,0.9,0.6,0
6.73,0.2,0.13,1
35.69,0.29,0.04,0
356.02,2.85,0.04,0
540.65,4.33,1.18,0
46,1,0.5,0
38,0.9,0.5,0
2.69,0.08,0.05,1
15,0.9,0.3,0
3.73,0.11,0.19,1
54.25,0.43,0.02,0
94.77,0.76,0.1,0
37,1,0.1,0
4.41,0.13,0.23,1
23,0.8,0.4,0
166.23,1.33,0.46,0
5.2,0.16,0.32,1
77.85,0.62,0.15,0
5.31,0.16,0.3,1
90.88,0.73,0.17,0
495.58,3.96,1.63,0
362.23,2.9,1.59,0
112.09,0.9,0.69,0
486.55,3.89,1.12,0
2.15,0.06,0.04,1
325.19,2.6,1.07,0
56.7,0.45,0,0
79,0.6,0.5,0
2.64,0.08,0.08,1
21,0.6,0.1,0
1.57,0.05,0.03,1
27,1.2,0.6,0
6.81,0.2,0.12,1
479.74,3.84,1.83,0
350.27,2.8,1.59,0
23,0.2,0.3,0
36.19,0.29,2.86,0
2.3,0.07,0.04,1
2.84,0.09,0,1
26.96,0.22,0.17,0
3.62,0.11,0.06,1
18,1,0.1,0
4.63,0.14,0.07,1
1.83,0.06,0.03,1
69,1.1,0.5,0
2.77,0.08,0.07,1
500.03,4,0.96,0
79,0.6,0.3,0
127.33,1.02,0.03,0
231.76,1.85,0.86,0
2.95,0.09,0.11,1
56,0.1,0.4,0
106.72,0.85,0.74,0
17.84,0.14,0.07,0
4.39,0.13,0.14,1
27,0.3,0.5,0
36,0.8,0.5,0
456.55,3.65,0.91,0
139.4,1.12,0.3,0
458.7,3.67,1.63,0
17,0.6,0.6,0
4.01,0.12,0.05,1
1.62,0.05,0.04,1
4.06,0.12,0.35,1
1.93,0.06,0.46,1
287.21,2.3,1.2,0
1.29,0.04,0.05,1
47.76,0.38,0.7,0
123.79,0.99,0.09,0
4.35,0.13,0.13,1
21,0.5,0.3,0
38,0.3,0.5,0
27.04,0.22,0,0
68.12,0.55,0.16,0
305.58,2.44,1.25,0
5.1,0.15,0.23,1
2.59,0.08,0.1,1
6.38,0.19,0.27,1
79.82,0.64,1.45,0
306.46,2.45,1.5,0
2.98,0.09,0.15,1
19.09,0.15,0.22,0
28,0.3,0.2,0
58,0.4,0.3,0
435.68,3.49,1.81,0
57,0.5,0.6,0
2.2,0.07,0.06,1
51,0.2,0.7,0
2.61,0.08,0.05,1
59,0.2,0.1,0
2.82,0.09,0.03,1
1.29,0.04,0,1
4.37,0.13,0.05,1
2.03,0.06,0.01,1
15,0.6,0.7,0
26,0.4,0.4,0
374.51,3,1.33,0
41,1.1,0.4,0
6.52,0.2,0.35,1
1.22,0.04,0.06,1
76.58,0.61,0.18,0
3.84,0.12,0.21,1
4.45,0.13,0.02,1
364.52,2.92,0.81,0
52,0.7,0.6,0
11,0.5,0.7,0
4.01,0.12,0.17,1
60,1.2,0.2,0
136.15,1.09,0.11,0
214.64,1.72,0.28,0
2.51,0.08,0.04,1
47.76,0.38,0.1,0
483.08,3.86,1.3,0
2.22,0.07,0.07,1
417.01,3.34,1.91,0
21,0.8,0.6,0
2.38,0.07,0.03,1
25,0.6,0.2,0
343.18,2.75,1.67,0
56,0.5,0.5,0
56,0.2,0.3,0
3.82,0.12,0.17,1
3.71,0.11,0.02,1
34,1.2,0.6,0
108.43,0.87,2.48,0
42.71,0.34,0.15,0
2.11,0.06,0.04,1
143.66,1.15,2.2,0
380.11,3.04,1.52,0
26.06,0.21,0.04,0
2.47,0.07,0,1
71,0.6,0.3,0
105.16,0.84,0.21,0
30,0.3,0.5,0
35,0.8,0.5,0
2.6,0.08,0.08,1
5.65,0.17,0.19,1
407.24,3.26,0.72,0
442.34,3.54,1.83,0
3.09,0.09,0.24,1
0,0,0.09,1
455.65,3.65,1.82,0
405.37,3.24,1.57,0
71.65,0.57,0.09,0
86.29,0.69,0.12,0
2.26,0.07,0.03,1
15,1.2,0.6,0
3.08,0.09,0.13,1
6.5,0.2,0.33,1
25,1,0.6,0
3.63,0.11,0.21,1
98.66,0.79,0.22,0
2.87,0.09,0.01,1
26,0.2,0.2,0
21,0.7,0.3,0
85.43,0.68,0.03,0
78,1,0.6,0
2,0.06,0.02,1
2.4,0.07,0.19,1
0,0,1.05,1
83.48,0.67,0.2,0
2.54,0.08,0.06,1
354.89,2.84,1.63,0
48.76,0.39,0.41,0
150.37,1.2,0.47,0
78.72,0.63,0.02,0
40,1.2,0.5,0
75,0.8,0.7,0
13,0.7,0.5,0
17,0.8,0.2,0
2.29,0.07,0.14,1
36,0.2,0.1,0
29,0.9,0.6,0
2.43,0.07,0.04,1
37.74,0.3,0.03,0
384.32,3.07,1.12,0
35.41,0.28,0,0
217.98,1.74,0.45,0
2.18,0.07,0.01,1
449.27,3.59,1.1,0
23.92,0.19,0,0
5.7,0.17,0.18,1
103.19,0.83,0.35,0
15,0.9,0.4,0
2.53,0.08,0.05,1
374.57,3,2.04,0
55.06,0.44,0.01,0
76,0.6,0.5,0
47.5,0.38,0.07,0
44,1.1,0.3,0
84.58,0.68,0.33,0
3.95,0.12,0.08,1
56.5,0.45,0.43,0
6.92,0.21,0.46,1
26,1,0.1,0
60.56,0.48,0.05,0
45,0.8,0.1,0
6.55,0.05,0.11,0
45,1.2,0.3,0
23.35,0.19,0.11,0
5.61,0.17,0.15,1
96.01,0.77,0.09,0
451.39,3.61,1.4,0
270.02,2.16,0.54,0
59,0.3,0.1,0
145.53,1.16,0.46,0
22,0.8,0.6,0
64.46,0.52,0.24,0
26.7,0.21,0.02,0
1.56,0.05,0.02,1
1.93,0.06,0.05,1
2.95,0.09,0.18,1
126.78,1.01,1.36,0
4.89,0.15,0.17,1
2.31,0.07,0.06,1
27,0.9,0.4,0
46,1.2,0.7,0
93.56,0.75,0.22,0
2.8,0.08,0.09,1
423.67,3.39,1.68,0
56,0.7,0.4,0
448.31,3.59,1.31,0
134.52,1.08,0.15,0
17.94,0.14,0.07,0
56.64,0.45,0.3,0
491.93,3.94,1.37,0
174.98,1.4,1.46,0
58,1.1,0.3,0
4.81,0.14,0.51,1
88.52,0.71,0.04,0
1.87,0.06,0.11,1
44.31,0.35,0.06,0
86.68,0.69,0.26,0
419.86,3.36,1.59,0
51,0.6,0.6,0
391.33,3.13,1.24,0
51,0.7,0.3,0
4.97,0.15,0.08,1
26,0.7,0.4,0
35.18,0.28,0.62,0
1.8,0.05,0.01,1
426.96,3.42,1.31,0
298.03,2.38,2.12,0
42,0.3,0.2,0
2.34,0.07,0.05,1
27.28,0.22,0,0
52,0.6,0.4,0
4.4,0.13,0.09,1
495.06,3.96,0.98,0
70,0.3,0.6,0
17.64,0.14,0.42,0
34,1,0.3,0
25,0.1,0.7,0
22,0.9,0.4,0
37,0.3,0.6,0
62.41,0.5,0.16,0
523.68,4.19,1.52,0
60,0.8,0.6,0
4.58,0.14,0.19,1
81.72,0.65,0.13,0
5.53,0.17,0.18,1
1.33,0.04,0.03,1
565.22,4.52,1.07,0
53,1,0.2,0
136.92,1.1,1.34,0
62,0.2,0.6,0
526.42,4.21,0,0
60,1.1,0.3,0
56,0.9,0.6,0
2.88,0.09,0.38,1
60,0.4,0.5,0
2.38,0.07,0.04,1
2.31,0.07,0.19,1
36,0.6,0.7,0
27.33,0.22,0.1,0
109.96,0.88,0.14,0
490,3.92,1.66,0
1.34,0.04,0,1
3.18,0.1,0.14,1
224.15,1.79,0.76,0
2.81,0.08,0.17,1
46,0.4,0.4,0
19,0.3,0.5,0
395.24,3.16,1.31,0
15,0.2,0.7,0
65.44,0.52,0,0
58,0.6,0.1,0
2.74,0.08,0.02,1
517.22,4.14,1.81,0
7,0.21,0.17,1
136.58,1.09,0.29,0
37,1.1,0.6,0
55,0.8,0.3,0
522.32,4.18,0.83,0
568.86,4.55,1.38,0
59,0.7,0.5,0
34,0.8,0.3,0
2.28,0.07,0.05,1
2.43,0.07,0.02,1
29,0.8,0.5,0
75,1.2,0.7,0
17.93,0.14,0,0
78.7,0.63,0.07,0
1.41,0.04,0.04,1
64,0.6,0.4,0
53,0.7,0.3,0
70.65,0.57,0.09,0
355.04,2.84,1.87,0
2.03,0.06,0.06,1
2.08,0.06,0.09,1
2.92,0.09,0.01,1
63.8,0.51,0.11,0
45,0.6,0.2,0
49,0.5,0.6,0
32,1.1,0.3,0
67,0.4,0.3,0
6.47,0.19,0.37,1
22,0.9,0.6,0
400.03,3.2,1.65,0
58,0.7,0.1,0
56,0.4,0.4,0
3.05,0.09,0.09,1
22,1,0.4,0
405.76,3.25,1.36,0
4.98,0.15,0.25,1
408.16,3.27,1.21,0
2.32,0.07,0.07,1
44,1,0.6,0
73.23,0.59,0.08,0
2.41,0.07,0.04,1
18.8,0.15,0,0
354.09,2.83,1.69,0
7.15,0.21,0.01,1
366.36,2.93,1.73,0
51,0.1,0.5,0
2.4,0.07,0.04,1
3.32,0.1,0.07,1
412.85,3.3,1.62,0
40,0.5,0.3,0
40,0.2,0.6,0
124.05,0.99,0.09,0
5.55,0.17,0.04,1
422.61,3.38,0.88,0
78,1.1,0.5,0
53,0.3,0.3,0
2.39,0.07,0.07,1
138.69,1.11,0.48,0
17,0.4,0.4,0
356.6,2.85,1.84,0
17.2,0.14,0.27,0
73,1.2,0.3,0
19,1.2,0.3,0
3.2,0.1,0.09,1
3.97,0.12,0.22,1
3.11,0.09,0.01,1
5.64,0.17,0.06,1
1.97,0.06,0.06,1
2.02,0.06,0,1
2.4,0.07,0.03,1
1.63,0.05,0.05,1
3.82,0.12,0.23,1
47,0.7,0.6,0
1.64,0.05,0.05,1
523.88,4.19,1.13,0
29,1.2,0.4,0
46,0.3,0.3,0
1.12,0.03,0.05,1
37,0.6,0.3,0
40,0.9,0.5,0
15,0.4,0.4,0
25,0.7,0.3,0
17.73,0.14,0.13,0
343.54,2.75,1.08,0
79,0.9,0.7,0
56,1,0.2,0
168.92,1.35,1.31,0
389.87,3.12,1.3,0
48,1.1,0.3,0
31,1,0.5,0
65.75,0.53,0.1,0
242.17,1.94,0.08,0
172.13,1.38,0.34,0
3.39,0.1,0.06,1
53.47,0.43,0,0
33,0.7,0.2,0
2.52,0.08,0.09,1
1.42,0.04,0.06,1
303.76,2.43,1.06,0
45,0.9,0.3,0
9.3,0.28,0.17,1
16,1.1,0.3,0
1.86,0.06,0.07,1
65,1.1,0.7,0
42,0.2,0.2,0
2.63,0.08,0.07,1
2.45,0.07,0.03,1
36.97,0.3,0.19,0
425.5,3.4,1.58,0
44,0.6,0.5,0
40,1,0.1,0
2.51,0.08,0.04,1
18,0.9,0.5,0
21,1,0.7,0
2.58,0.08,0.02,1
4.74,0.14,0.04,1
524.67,4.2,1.68,0
57.43,0.46,0.02,0
73.94,0.59,1.33,0
46,0.3,0.3,0
110.99,0.89,2.76,0
2.28,0.07,0.05,1
441.87,3.53,1.91,0
42,0.8,0.3,0
3.9,0.12,0.03,1
41,1.1,0.2,0
56,1,0.7,0
4.83,0.15,0.21,1
1.51,0.05,0.11,1
4.46,0.13,0.16,1
3.38,0.1,0.06,1
3.4,0.1,0.18,1
23,1.2,0.2,0
16,0.6,0.3,0
2.84,0.09,0.12,1
431.56,3.45,1.07,0
2.8,0.08,0.05,1
2.25,0.07,0,1
80,0.8,0.6,0
557.05,4.46,1.65,0
27,0.9,0.6,0
2.9,0.09,0.02,1
73,0.8,0.3,0
76,0.2,0.5,0
3.51,0.11,0.01,1
56.73,0.45,0,0
3.22,0.1,0.01,1
16.46,0.13,0.27,0
579.73,4.64,0,0
492.15,3.94,1.17,0
3.21,0.1,0.07,1
1.55,0.05,0.04,1
3.61,0.11,0.08,1
58,1.2,0.4,0
27.69,0.22,0.08,0
348.44,2.79,1.48,0
42,0.6,0.6,0
1.49,0.05,0.04,1
2.12,0.06,0.07,1
4.18,0.13,0.26,1
52,0.2,0.4,0
124.79,1,0,0
246.82,1.97,1.58,0
38,0.7,0.1,0
1.81,0.05,0.03,1
31,1.1,0.4,0
48,1,0.4,0
44.03,0.35,0.14,0
43,0.5,0.2,0
41,0.6,0.4,0
40,1,0.5,0
64.22,0.51,0.07,0
29,1.1,0.5,0
1.47,0.04,0.04,1
82.35,0.66,0.12,0
1.98,0.06,0.35,1
24,0.7,0.5,0
50,1.2,0.7,0
0,0,0.06,1
390.79,3.13,0.64,0
29,0.5,0.1,0
67,0.9,0.7,0
30,0.5,0.4,0
54,1.2,0.4,0
79.39,0.64,1.5,0
52,0.6,0.7,0
85.41,0.68,2.81,0
4.48,0.13,0.01,1
79,0.3,0.3,0
27.16,0.22,1.75,0
317.23,2.54,1.71,0
24,0.7,0.3,0
91.65,0.73,0.13,0
54,0.9,0.3,0
18.44,0.15,0,0
14,1.2,0.4,0
2.18,0.07,0.04,1
2.75,0.08,0.02,1
20,0.9,0.4,0
50,0.5,0.7,0
17.1,0.14,0.23,0
134.69,1.08,0.47,0
3.19,0.1,0.14,1
4.47,0.13,0.14,1
199,1.59,0.06,0
34,1,0.4,0
230.62,1.85,0.27,0
0,0,0,1
461.02,3.69,1.15,0
2.6,0.08,0.03,1
373.6,2.99,1.4,0
28.38,0.23,0.72,0
2.96,0.09,0.22,1
1.92,0.06,0.02,1
406.04,3.25,1.17,0
2.39,0.07,0.03,1
3.02,0.09,0.04,1
30,0.8,0.5,0
346.04,2.77,1.25,0
364.9,2.92,1.78,0
5.63,0.17,0.38,1
3.54,0.11,0.03,1
62,0.8,0.4,0
51,0.9,0.3,0
34,0.5,0.2,0
72,0.8,0.7,0
2.4,0.07,0.02,1
424.91,3.4,1.45,0
57,1,0.4,0
2.8,0.08,0.06,1
2.56,0.08,0.07,1
62,0.8,0.7,0
202.91,1.62,1.31,0
2.14,0.06,0.53,1
80.94,0.65,0.02,0
2.72,0.08,0.13,1
22,0.6,0.3,0
35,0.5,0.6,0
2.55,0.08,0.18,1
17.58,0.14,0,0
23,0.6,0.6,0
2.1,0.06,0.01,1
62.83,0.5,0.1,0
471.64,3.77,1.24,0
53,1.2,0.3,0
36.55,0.29,0,0
46.91,0.38,1.17,0
15,0.6,0.5,0
59,0.1,0.6,0
40,1,0.2,0
2.33,0.07,0.33,1
58,0.4,0.4,0
486.57,3.89,0.8,0
299.49,2.4,1.09,0
16.55,0.13,0,0
395.39,3.16,1.51,0
27.39,0.22,0,0
2.24,0.07,0.01,1
108.79,0.87,0.14,0
267.81,2.14,0.23,0
5.78,0.17,0.53,1
3.15,0.1,0.11,1
239.76,1.92,1.3,0
76.98,0.62,0.17,0
3.54,0.11,0.16,1
49,0.3,0.3,0
88.41,0.71,0.06,0
3.21,0.1,0.08,1
139.38,1.12,0.19,0
2.66,0.08,0.02,1
119.3,0.95,0.21,0
74,0.8,0.3,0
40,1,0.6,0
26.58,0.21,0.12,0
69,0.4,0.7,0
5.96,0.18,0.17,1
517.76,4.14,0,0
47,0.2,0.1,0
6.46,0.19,0.29,1
54,0.6,0.5,0
38.58,0.31,0.23,0
3.27,0.1,0.06,1
387.88,3.1,1.73,0
2.85,0.09,0.09,1
40,0.32,0.59,0
48.1,0.39,0,0
39.58,0.32,0.09,0
3.46,0.1,0.05,1
613.79,4.91,1.49,0
427.78,3.42,1.4,0
19,1.1,0.7,0
38.1,0.3,0.62,0
32,0.5,0.5,0
18.62,0.15,0.03,0
364.07,2.91,1.78,0
35,1.2,0.5,0
2.18,0.07,0.01,1
50.23,0.4,0,0
57.64,0.46,1.77,0
2.14,0.06,0.1,1
29,0.5,0.4,0
521.62,4.17,1.76,0
17,0.4,0.6,0
538.75,4.31,0.91,0
1.85,0.06,0.1,1
33,0.9,0.3,0
362.21,2.9,1.47,0
2.78,0.08,0.02,1
3.02,0.09,0.02,1
48,0.9,0.5,0
2.43,0.07,0.11,1
3.06,0.09,0.01,1
363.2,2.91,1.07,0
2.88,0.09,0.06,1
48.98,0.39,0.06,0
2.79,0.08,0.01,1
47,0.6,0.4,0
4.7,0.14,0.18,1
39.75,0.32,0,0
3.12,0.09,0.08,1
126.11,1.01,0.08,0
1.71,0.05,0.13,1
35.78,0.29,0.02,0
85.85,0.69,0.12,0
14,0.8,0.5,0
15,0.4,0.6,0
10.85,0.09,0,0
186.72,1.49,1.26,0
18.98,0.15,0.01,0
2.61,0.08,0.02,1
41,0.6,0.1,0
109.06,0.87,0.44,0
60,1.2,0.2,0
400.77,3.21,1.23,0
466.79,3.73,1.28,0
1.73,0.05,0.01,1
477.42,3.82,1.44,0
1.71,0.05,0.05,1
542.78,4.34,1.09,0
40,0.32,0.01,0
161.31,1.29,1.65,0
2.48,0.07,0.06,1
231.47,1.85,1.75,0
3.14,0.09,0.19,1
41,0.8,0.2,0
50,0.4,0.06,0
22,0.5,0.2,0
58,0.6,0.1,0
72,0.6,0.5,0
80,0.4,0.7,0
2.31,0.07,0.06,1
4.82,0.15,0.15,1
2.75,0.08,0.09,1
393.38,3.15,0.39,0
78.13,0.63,0.07,0
28,0.7,0.4,0
18.56,0.15,1.58,0
2.82,0.09,0.06,1
2.71,0.08,0.33,1
5.7,0.17,0.03,1
56.74,0.45,0.05,0
1.41,0.04,0.04,1
128.46,1.03,0.09,0
5.87,0.18,0.21,1
2.12,0.06,0.02,1
84.07,0.67,0,0
2.43,0.07,0.06,1
383.89,3.07,1.42,0
50,0.4,0.16,0
40,0.2,0.2,0
2.76,0.08,0.08,1
418.99,3.35,1.03,0
214.65,1.72,0.25,0
57,0.7,0.6,0
31.4,0.25,0.1,0
61.41,0.49,0.43,0
453.98,3.63,1.51,0
59,1.2,0.3,0
103.28,0.83,0.39,0
2.56,0.08,0.06,1
11.89,0.1,0.28,0
22,0.7,0.6,0
49.08,0.39,0.02,0
45,0.8,0.5,0
17.83,0.14,0.23,0
75.94,0.61,0.5,0
47,1.1,0.4,0
